obra,tipo,length_elements,length_string,n_digit,f_slah,parenthesis
"AFONSO, Almerindo Janela. Estado, políticas educacionais e obsessão avaliativa. Contrapontos, v. 7, n. 1, p. 11-22 - Itajaí, jan/abr, 2007",article,6,138,10,1,0
"ALBUQUERQUE, Eliana Borges Correia de. Conceituando alfabetização e letramento. In: SANTOS, C. F.; MENDONÇA, M. (Org.). Alfabetização e letramento: Conceitos e relações. Belo Horizonte: Autêntica, 2007. p. 11-22.",inbook,8,212,8,0,1
"ALFERES, Marcia Aparecida. Pacto Nacional pela Alfabetização na Idade Certa: uma análise contextual da produção da política e dos processos de recontextualização. 2017. 247 f. Tese (Doutorado em Educação) - Universidade Estadual de Ponta Grossa, Ponta Grossa, 2017. Disponível em: <http://tede2.uepg.br/jspui/bitstream/prefix/1229/1/Marcia%20Aparecida%20Alferes.pdf> Acesso em: 29 out. 2017.",phdthesis,7,391,27,8,1
"AMARAL, Nelson Cardoso. Financiamento da educação básica e o PNE: ainda e sempre, muitos desafios. Revista Retratos da Escola, Brasília, v. 8, n. 15, p. 293-311, jul./dez. 2014.",article,7,177,13,1,0
"ARAÚJO, Gilda Cardoso de. Direito à educação básica: a cooperação entre os entes federados. Revista Retratos da Escola, Brasília, v. 4, n. 7, p. 231-243, jul./dez. 2010.",article,7,169,12,1,0
"ARROYO, Miguel Gonzalez. Ofício de Mestre: imagens e auto-imagens. 9. ed. Petrópolis, RJ: Vozes, 2007.",book,5,102,5,0,0
"BARAÚNA. Lei Complementar nº 531/2015. Dispõe sobre reformulação do Plano Municipal de Educação (PME) do Município de Baraúna-RN, decênio 2015-2025 e dá outras providências. Baraúna-RN, 24 de junho de 2015.",misc,4,206,21,1,1
"BARAÚNA. Portaria nº 774/2016. Nomeia Membros da Comissão Técnica de Monitoramento e Avaliação do Plano Municipal de Educação. Cento Administrativo Francisco Bezerra Sobrinho (Gabinete da Prefeita). Baraúna-RN, 16 de junho de 2016a.",misc,5,232,13,1,1
"BARAÚNA. Portaria nº 0769/2016. Nomeia Membros da Comissão Municipal de Monitoramento do Plano Municipal de Educação. Cento Administrativo Francisco Bezerra Sobrinho (Gabinete da Prefeita). Baraúna-RN, 16 de junho de 2016b.",misc,5,223,14,1,1
"BARAÚNA. Lei municipal nº 553/2016. Prefeitura Municipal de Baraúna. Baraúna-RN, 04 de novembro de 2016c.",misc,4,105,13,1,0
"BARDIN, Laurence. Análise de Conteúdo. Lisboa: Edições 70, 2011.",book,3,64,6,0,0
"BARROS, Paula Mangolin de. A implantação da meta 5 do Plano Nacional de Educação na rede municipal de São Paulo e o papel do planejamento na efetivação da política pública: um estudo de caso. 2017, 166f. Dissertação (Mestrado em Educação) - Universidade de São Paulo, Programa de Pós-Graduação em Educação. São Paulo, 2017. Disponível em:  Acesso em: 05 Fev. 2019.",phdthesis,7,364,18,0,1
"BAZZO, Manoella Gonçalves; DIAS, Gilmar. O Pacto Nacional pela Alfabetização na Idade Certa: uma experiência em uma escola pública de Redenção – PA. Revista LinguíStica / Revista do Programa de Pós-Graduação em Linguística da Universidade Federal do Rio de Janeiro. Volume 11, número 2, dezembro de 2015, p. 77-95. ISSN 2238-975X 1. Disponível em:  Acesso em: 20 Set. 2019.",article,8,373,25,1,0
"BOGDAN, Robert C.; BIKLEN, Sari Knopp. Investigação Qualitativa em Educação. Tradução: Maria João Alvares, Sara Bahia dos Santos e Telmo Mourinho Baptista. Revisor: Antônio Branco Vasco. Ed. Porto. Portugal, 1994.",book,7,213,4,0,0
"BORDIGNON, Genuíno; GRACINDO, Regina Vinhaes. Gestão da educação: o município e a escola. In: FERREIRA, Naura Syria Carapeto; AGUIAR, Márcia Angela da S. (Orgs.).  Gestão da educação: impasses, perspectivas e compromissos. São Paulo: Cortez, 2000. p. 147-176.",inbook,8,259,10,0,1
"BORDIGNON, Genuíno. Gestão da educação no município: sistema, conselho e plano. São Paulo: Editora e Livraria Instituto Paulo Freire, 2009. – (Educação Cidadã; 3).",book,4,163,5,0,1
"BORDIGNON, Genuíno. Caminhar da educação brasileira: muitos planos, pouco
planejamento. IN: SOUZA, Donaldo Bello de; MARTINS, Ângela Maria (Org.). Planos de Educação no Brasil: planejamento, políticas, práticas. São Paulo:
Edições Loyola, 2014, p. 29-54.",inbook,6,254,8,0,1
"BORDIGNON, Lorita Helena Campanholo; PAIM, Marilane Maria Wolff. História e políticas públicas de alfabetização e letramento no brasil: breves apontamentos com enfoque para o plano nacional de educação. Momento, ISSN 0102-2717, v. 24 n. 1, p. 89-117, jan./jun. 2015. Disponível em:  Acesso em: 24 Jul. 2019.",book,9,307,26,1,0
"BRANDÃO, Carlos da Fonseca. Os desafios do novo Plano Nacional de Educação (PNE – Lei nº 13.005/14): comentários sobre suas metas e estratégias. - 1. ed. - São Paulo: Avercamp, 2014.",book,5,182,12,1,1
"BRASIL. Lei nº 11.079, de 30 de dezembro de 2004. Institui normas gerais para licitação e contratação de parceria público-privada no âmbito da administração pública, 2004. Disponível em: . Acesso em: 25 Mai. 2019.",misc,6,213,21,0,0
BRASIL. Constituição da República Federativa do Brasil (1988). Disponível em: <http://www.planalto.gov.br>. Acesso em: 15 mai. 2017.,misc,5,132,10,2,1
"BRASIL. Lei nº. 9394, de 20 de dezembro de 1996. Estabelece as Diretrizes e Bases da Educação Nacional. Diário Oficial da União, Brasília, 23 de dez. 1996. Disponível em: <http://www.planalto.gov.br/ccivil_03/leis/L9394.htm>. Acesso em: 25 out. 2017.",misc,9,250,28,5,0
"BRASIL. Secretaria de Ensino Fundamental. Programa de desenvolvimento profissional continuado: alfabetização. Módulo Alfabetizar com textos. – Brasília: A Secretaria, 1999. Disponível em:  Acesso em: 29 Set. 2019.",misc,7,213,10,0,0
"BRASIL. Lei nº 010172, de 9 de janeiro de 2001. Aprova o Plano Nacional de Educação (2001-2010), Brasília, DF, 2001.  Disponível em: . Acesso em: 17 jun. 2018.",misc,6,159,29,0,1
"BRASIL. Lei nº. 11.274, de 6 de fevereiro de 2006. Altera a redação dos arts. 29, 30, 32 e 87 da Lei n. 9.394, de 20 de dezembro de 1996, que estabelece as diretrizes e bases da educação nacional, dispondo sobre a duração de 9 (nove) anos para o ensino fundamental, com matrícula obrigatória a partir dos 6 (seis) anos de idade. Diário Oficial da União, Brasília, DF, 7 fev. 2006. Disponível em: <http://www.planalto.gov.br/ccivil_03/_Ato20042006/2006/Lei/L11274.htm> Acesso em: 25 jul. 2018.",misc,10,492,60,7,2
"BRASIL. Decreto nº. 6094, de 24 de abril de 2007. Dispõe sobre a implementação do Plano de Metas Compromisso Todos pela Educação. Diário Oficial [da] Republica Federativa do Brasil, Poder Executivo, Brasília, DF, 25 abr. 2007. Disponível em: <http://portal.mec.gov.br/index.php?Itemid=366&id=153&option=com_content&view=article> Acesso em: 04 dez. 2017.",misc,8,353,28,3,0
"BRASIL. Ministério de Educação. Secretaria do Educação Fundamental. Programa de Formação de Professores – PROFA. Documento de Apresentação. Brasília, 2001. Disponível em: . Acesso em: 25 Out. 2019.",misc,9,197,10,0,0
"BRASIL. Programa Gestão da Aprendizagem Escolar. GESTAR I. Guia Geral. Brasília: FNDE/MEC, 2007.",book,5,96,4,1,0
"BRASIL. Ministério da Educação. Elementos conceituais e metodológicos para definição dos direitos de aprendizagem e desenvolvimento do Ciclo de Alfabetização (1º, 2º e 3º anos) do Ensino Fundamental. Brasília, 2012a. Disponível em: <http://portal.mec.gov.br/index.php?option=com_docman&view=download&alias=12827-texto-referencia-consulta-publica-2013-cne-pdf&category_slug=marco-2013-pdf&Itemid=30> Acesso em: 28 mai. 2018.",book,6,423,28,3,1
"BRASIL. Ministério da Educação. Portaria nº 867, de 4 de julho de 2012. Programa Nacional de Alfabetização na Idade Certa (PNAIC). Brasília: MEC, 2012b. ",misc,6,153,12,0,1
"BRASIL. Portaria nº 482, de 7 de julho de 2013. Dispõe sobre o Sistema de Avaliação da Educação Básica. Diário Oficial [da] Republica Federativa do Brasil, Brasília, DF, 10 jun. 2013. Disponível em: <http://www.adurrj.org.br/4poli/gruposadur/gtpe/portaria_482_7_6_13.htm>. Acesso em: 01 nov. 2017.",misc,8,297,28,6,0
"BRASIL. Plano Nacional de Educação (2014-2024) [recurso eletrônico]: Lei nº 13.005, de 25 de junho de 2014. Brasília: Câmara dos Deputados, Edições Câmara, 2014. Disponível em: <http://www.observatoriodopne.org.br/uploads/reference/file/439/documento-referencia.pdf> Acesso em: 15 out. 2017.",book,5,291,32,7,1
BRASIL. Relatório SAEB/ANA 2016: panorama do Brasil e dos estados. – Brasília: Instituto Nacional de Estudos e Pesquisas Educacionais Anísio Teixeira. 2018a. Disponível em: <> Acesso em: 26 ago. 2018.,book,6,200,14,1,0
BRASIL. Ministério da Educação. Programa mais alfabetização. Manual Operacional do Sistema de Orientação Pedagógica e Monitoramento. 2018b. Disponível em: <http://portal.mec.gov.br/docman/abril-2018-pdf/85691-manual-operacional-pmalfa-final/file> Acesso em: 25 ago. 2018.,book,7,271,19,6,0
"BRESSER-PEREIRA, Luiz Carlos. Da administração pública burocrática à gerencial, Revista do Serviço Público, 1996, jan-abr; 47(1), p.7-40. Disponível em: . Acesso em: 25 Out. 2019.",article,5,179,16,0,1
"CAGLIARI, Luiz Carlos. Alfabetização e Linguística. São Paulo: Scipione, 1989.",book,3,78,4,0,0
"CAMPOS, Claudinei José Gomes. Método de Análise de Conteúdo: ferramenta para a análise de dados qualitativos no campo da saúde. Rev Bras Enferm, Brasília (DF), 2004 set/out; 57 (5), p. 611-614. Disponível em: . Acesso em: 11 Jun. 2019.",article,7,235,19,1,2
"CARROLL, Lewis. Alice no país das maravilhas. Tradução Clélia Regina Ramos. Petrópolis: Arara Azul, 2002. Disponível em: <http://www.ebooksbrasil.org/eLibris/alicep.html>. Acesso em: 15 Fev. 2019.",book,7,196,10,4,0
"CARVALHO, Tatiane Kelly Pinto. O perfil do professor alfabetizador: formação, concepções e práticas docentes. Temporis (ação), v.14, n. 2, p. 99-109, jul./dez. 2014.",article,6,165,12,1,1
"CASTRO, Cátia Da Cunha Carnevalli de. Bloco pedagógico de alfabetização: possibilidades e entraves desta política em duas escolas da rede municipal de Juiz de Fora. 2014. 115f. Dissertação (mestrado acadêmico) - Universidade Federal de Juiz de Fora, Faculdade de Educação/CAEd. Programa de Pós-Graduação em Educação, Juiz de Fora, 2014. Disponível em: <https://repositorio.ufjf.br/jspui/bitstream/ufjf/5332/1/catiadacunhacarnevallidecastro.pdf>Acesso em: 01 nov. 2017.",phdthesis,8,468,22,9,1
"CÔCO, Dilza; GONTIJO, Cláudia Maria Mendes. Avaliação externa nas classes de alfabetização no Espírito Santo. V. 28, Suppl.1, 2017, p. 63-87. Disponível em: . Acesso em:  29 Out. 2019.",article,8,184,17,0,0
"CONFERÊNCIA NACIONAL DE EDUCAÇÃO (CONAE), 2010, Brasília, DF. Construindo o Sistema Nacional Articulado: o Plano Nacional de Educação, diretrizes e estratégias de Ações; Documento Final. Brasília, DF: MEC, 2010.",book,3,211,8,0,1
"CORTES, Soraya Vargas; LIMA, Luciana Leite. A contribuição da sociologia para a análise de políticas públicas. Lua Nova, São Paulo, 87: p.33-62, 2012. Disponível em: <http://www.scielo.br/pdf/ln/n87/03.pdf> Acesso em: 06 jun. 2018.",article,5,231,20,6,0
"COSTA, Leandro Oliveira; ARRAES, Ronaldo de Albuquerque; GUIMARÃES, Daniel Barboza. Estabilidade dos professores e qualidade do ensino de escolas públicas. Economia Aplicada, v. 19, n. 2, 2015, p. 261-298. Disponível em: . Acesso em: 20 Out. 2019.",article,9,247,19,0,0
"CRUZ, Maria Nazaré da; ROCHA, Maria Silvia Pinto de Moura Librandi da. Ensino fundamental de nove anos, uma década: decorrências para a infância e para a educação básica. Cad. CEDES, Campinas, v. 37, n. 102, p. 149-152, maio-ago., 2017. Disponível em: <http://www.scielo.br/pdf/ccedes/v37n102/1678-7110-ccedes-37-102-00149.pdf> Acesso em: 17 set. 2018.",article,8,352,44,6,0
"CRUZ, Magna do Carmo Silva; TAVEIRA, Andreza de Santana; SOUZA, Sara Leite de. Avaliação Nacional da Alfabetização (ANA): Contribuições deste Instrumento na Percepção de Gestores e Professores. Meta: Avaliação. Rio de Janeiro, v. 8, n. 23, p. 183-215, maio/ago. 2016. Disponível em:  Acesso em: 25 Jun. 2019.",article,10,308,19,1,1
"CURY, Carlos Jamil. Planos Nacionais de Educação no Brasil. In: FERREIRA, Eliza Bartolozzi; FONSECA, Marília. Política e planejamento educacional no Brasil do século 21. – Brasília: Liber Livro, 2013, p. 25-33.",inbook,6,210,10,0,0
"DIAS, Ana Paula de Moura Ferreira. Os efeitos do Programa de Intervenção Pedagógica no Ciclo de Alfabetização: o desafio para que todos os alunos leiam e escrevam até os oito anos de idade. 2015, 141f. Dissertação (Mestrado Profissional) - Universidade Federal de Juiz de Fora, Programa de Pós-Graduação Profissional em Gestão e Avaliação da Educação Pública. Juiz de Fora, 2015. Disponível em: Acesso em: 20 Mar. 2019.",phdthesis,7,419,17,0,1
"DI PIETRO, Maria Sylvia Zanella. Parcerias na Administração Pública: concessão, permissão, franquia, terceirização, parceria público-privada e outras formas. 8. ed. São Paulo: Atlas, 2011.",book,5,188,5,0,0
"DOURADO, Luiz Fernandes. Plano Nacional de Educação como Política de Estado: antecedentes históricos, avaliação e perspectivas. In:  DOURADO, Luiz Fernandes (Org.). Plano Nacional de Educação (2011-2020): avaliação e perspectivas. – 2.ed. – Goiânia: Editora UFG; Belo Horizonte: Autentica Editora, 2011, p. 17-59.",inbook,7,313,17,0,2
"DUMÉNIL. Gérard; LÉVY, Dominique. Neoliberalismo – Neo-imperialismo. Economia e Sociedade, Campinas, v. 16, n. 1 (29), p. 1-19, abr. 2007. Disponível em: . Acesso em: 25 Out. 2019.",article,11,180,18,0,1
"ESTEBAN, Maria Teresa. Considerações sobre a política de avaliação da alfabetização: pensando a partir do cotidiano escolar. Revista Brasileira de Educação, v. 17 n. 51 set.-dez. 2012, p. 573-743. Disponível em: . Acesso em: 20 Out. 2019.",article,10,238,20,0,0
"FERNANDES, Maria. Os segredos da alfabetização. 2. ed. São Paulo: Cortez, 2010.",book,5,79,5,0,0
"FERREIRA, Eliza Bartolozzi. Democracia e tecnocracia no planejamento educacional brasileiro: tensões permanentes na educação do século 21. In: FERREIRA, Eliza Bartolozzi; FONSECA, Marília (Orgs.). Política e Planejamento educacional no Brasil do século 21. Brasília: Liber Livro, 2013. p. 57-81.",inbook,7,295,12,0,1
"FERRARO, Alceu Ravanello. Alfabetização no Brasil: problema mal compreendido, problema mal resolvido. In: MORTATTI, Maria do Rosário Longo; FRADE, Isabel Cristina Alves da Silva (Org.). Alfabetização e seus sentidos: o que sabemos, fazemos e queremos? – Marília: Oficina Universitária; São Paulo: Editora Unesp, 2014, p. 65-90.",inbook,5,327,8,0,1
"FERREIRA, Norma Sandra de Almeida. As pesquisas denominadas “Estado da Arte”. Revista Educação & Sociedade, v. 23, n. 79, p. 257-272, 2002. Disponível em: <http://www.scielo.br/pdf/es/v23n79/10857.pdf>. Acesso em: 27 set. 2017.",article,9,227,29,6,0
"FERREIRO, Emilia; TEBEROSKY, Ana. Psicogênese da língua escrita. Porto Alegre: Artes Médicas, 1999.",book,3,99,4,0,0
"FRADE, Isabel Cristina Alves da Silva. Meta 5 do PNE: alfabetização. In: OLIVEIRA, João Ferreira de; GOUVEIA, Andrea Barbosa; ARAÚJO Heleno (Orgs.). Caderno de avaliação das metas do Plano Nacional de Educação: PNE 2014-2024. [Livro Eletrônico]. Brasília: ANPAE, 2018. p. 22-24. Disponível em:  Acesso em: 20 Mai. 2019.",inbook,10,319,23,0,1
"FRANÇA, Magna. Sistema Nacional de Educação: financiamento, valorização dos profissionais da educação básica e perspectivas do PNE (2011-2020). In: FRANÇA, M. (Org.). Sistema Nacional de Educação e o PNE: diálogos e perspectivas. Brasília: Liber Livro/ UFRN, 2009.",inbook,6,264,12,1,2
"FRANCO, Maria Laura Publisi Barbosa. Análise de conteúdo. 4. ed. Brasília: Liber Livro, 2012.",book,5,93,5,0,0
"FURLETTI, Saulo. Avanços e desafios do PNE 2014-2024: um recorte exploratório das metas de acesso e universalização do ensino e os desdobramentos no Plano Estadual de educação de Minas Gerais. Revista Formação Docente. Belo Horizonte, v.09, nº. 2, Julho/Dezembro, 2017, p. 73-95. Disponível em:  Acesso em: 30 Abr. 2019.",book,8,320,25,1,0
"GARCIA, Carlos Marcelo. Formação de Professores: Para uma Mudança Educativa. Trad. Isabel Narciso. Porto: Porto Editora LDA, 1999.",book,5,130,4,0,0
"GARCIA, Regina Leite Garcia (org.). A formação da professora alfabetizadora: reflexões sobre á prática. São Paulo: Cortez, 1998.",book,3,128,4,0,1
"GIL, Antonio Carlos. Como elaborar projetos de pesquisas. 4. ed. São Paulo:  Atlas, 2002.",book,5,89,5,0,0
"GIL, Antonio Carlos. Métodos e técnicas de pesquisa de pesquisa social. 6. ed. São Paulo:  Atlas, 2008.",book,5,103,5,0,0
"GODOY, Arilda Schmidt. Pesquisa qualitativa: tipos fundamentais. Revista de Administração de Empresas, São Paulo, Volume 35, Fascículo n. 3, p. 20-29, mai./ jun. 1995.",article,6,167,11,1,0
"GONSALVES, Elisa Pereira. Conversas sobre iniciação à pesquisa científica. 4. ed. Campinas, SP: Alínea, 2007.",book,5,109,5,0,0
"GONTIJO, Cláudia Maria Mendes, Alfabetização: políticas mundiais e movimentos nacionais. – Campinas, SP: Autores Associados, 2014. – (Coleção educação contemporânea).",book,3,166,4,0,1
"GOULART, Cecilia. A avaliação da alfabetização em pesquisas, práticas e políticas públicas: debatendo posições teórico-metodológicas. In: MORTATTI, Maria do Rosário Longo; FRADE, Isabel Cristina Alves da Silva (Org.). Alfabetização e seus sentidos: o que sabemos, fazemos e queremos? – Marília: Oficina Universitária; São Paulo: Editora Unesp, 2014, p. 327-343.",inbook,5,361,10,0,1
"HÖFLING, Eloisa de Mattos. Estado e Políticas (Públicas) Sociais. Cadernos Cedes, Campinas, v. 55, n. 21, p. 30-41, nov. 2001.",article,7,126,12,0,1
"JESSOP, Bob. El Estado: pasado, presente y futuro. Madrid: Los Libros de la Catarata, 2017.",book,1,91,4,0,0
"LEITE, Ivonaldo Neres. Aportaciones prelimianres al debate sobre el Estado. Montevideo: Universidad de la República, 2018. ",book,2,123,4,0,0
"MACIEL Francisca Izabel Pereira. Alfabetização no brasil: pesquisas, dados e análise. In: MORTATTI, Maria do Rosário Longo; FRADE, Isabel Cristina Alves da Silva (Org.). Alfabetização e seus sentidos: o que sabemos, fazemos e queremos? – Marília: Oficina Universitária; São Paulo: Editora Unesp, 2014, p. 109-130.",inbook,5,313,10,0,1
"MAGALHÃES, Lígia Karam Corrêa de. AZEVEDO, Leny Cristina Soares Souza.Formação continuada e suas implicações: entre a lei e o trabalho docente. Cad. Cedes, Campinas, v. 35, n. 95, p. 15-36, jan.-abr., 2015. Disponível em: . Acesso em: 14 Out. 2019.",article,10,248,18,0,0
"MAGALHÃES, Justino. Escolarização e literacias: os sentidos da alfabetização e a diversidade cultural. In: MORTATTI, Maria do Rosário Longo; FRADE, Isabel Cristina Alves da Silva (Org.). Alfabetização e seus sentidos: o que sabemos, fazemos e queremos? – Marília: Oficina Universitária; São Paulo: Editora Unesp, 2014, p. 39-64.",inbook,5,328,8,0,1
"MALAQUIAS, Lívia Maria Andrade. Estudo sobre a implantação da política de Ciclo Básico de Alfabetização no Município de Poços de Calças. 2013, 122f. Dissertação (Mestrado em Psicologia Escolar e Desenvolvimento Humano) -  Instituto de Psicologia da Universidade de São Paulo, Programa de Pós-Graduação em Psicologia. São Paulo, 2013. Disponível em:  Acesso em: 05 Fev. 2019.",phdthesis,7,374,17,0,1
"MARCONI, Marina de Andrade; LAKATOS, Eva Maria. Técnicas de pesquisa: planejamento e excussão de pesquisas, amostragens e técnicas de pesquisas, elaboração, análise e interpretação de dados. 5. ed. São Paulo: Atlas, 2007.",book,5,221,5,0,0
"MARTINS, Angela Maria; PIMENTA, Cláudia Oliveira; NOVAES, Gláucia Torres Franco. Planos municipais de educação: potencialidades e limites de municípios na elaboração de instrumentos de planejamento. In: SOUZA, Donaldo Bello de; MARTINS, Angela Maria (Orgs.). Planos de educação no Brasil: planejamento, políticas, práticas. São Paulo: Edições Loyola, 2014. p. 277-302.",inbook,7,368,10,0,1
"MELO, Adriana Almeida Sales. A mundialização da educação: consolidação do projeto neoliberal na América Latina. Brasil e Venezuela. Maceió: EDUFAL, 2004.",book,4,153,4,0,0
"MINAYO, Maria Cecília de Souza. (Org.). Pesquisa Social: Teoria, Método e Criatividade. 6. Ed. Petrópolis: Vozes, 1996.",book,6,119,5,0,1
"MIRANDA, Josimara Santos. Alfabetização de crianças na Bahia: o Programa Pacto pela Educação. 2016, 152f. Tese (Doutorado em Educação) - Universidade Federal da Bahia, Programa de Pesquisa e Pós-Graduação em Educação, Salvador, 2016. Disponível em:  Acesso em: 29 Jan. 2019.",phdthesis,6,274,17,0,1
"MORENO, Carlos Eduardo. Acesso e permanência hoje e perspectivas para o futuro. In: O enfrentamento da exclusão escolar no Brasil. Brasília: Unicef, Campanha Nacional pelo Direito à Educação, 2014, p. 182-192.",inbook,5,209,10,0,0
"MORTATTI, Maria do rosário longo. Produção acadêmica brasileira sobre alfabetização: avaliação da qualidade e impacto científico e social. In: MORTATTI, Maria do Rosário Longo; FRADE, Isabel Cristina Alves da Silva (Org.). Alfabetização e seus sentidos: o que sabemos, fazemos e queremos? – Marília: Oficina Universitária; São Paulo: Editora Unesp, 2014, p. 131-158.",inbook,5,366,10,0,1
"MORTATTI, Maria do Rosário Longo. Alfabetização no Brasil: conjecturas sobre as relações entre políticas públicas e seus sujeitos privados. Revista Brasileira de Educação. v. 15, n. 44, maio/ago. 2010, p. 329-410. Disponível em: <http://www.scielo.br/pdf/rbedu/v15n44/v15n44a09.pdf>. Acesso em: 25 nov. 2017.",article,11,308,30,7,0
"MORTATTI, Maria do Rosário Longo. História dos métodos de alfabetização no Brasil. Conferência proferida durante o Seminário “Alfabetização e letramento em debate”, promovido pelo Departamento de Políticas de Educação Infantil e Ensino Fundamental da Secretaria de Educação Básica do Ministério da Educação. Brasília, 2006. Disponível em: <http://portal.mec.gov.br/seb/arquivos/pdf/Ensfund/alf_mortattihisttextalfbbr.pdf>. Acesso em: 25 set. 2018.",article,7,447,10,7,0
"MORTATTI, Maria do Rosário Longo. Educação e Letramento. São Paulo: Editora Unesp, 2004.",book,3,88,4,0,0
"NETO, Antônio Cabral; CASTRO, Alda Maria Duarte Araujo; GARCIA, Luciane terra dos santos. Plano Municipal de Educação: elaboração, acompanhamento e avaliação no contexto do PAR. RBPAE - v. 32, n. 1, p. 047 – 067, jan./abr. 2016.",article,7,228,13,1,0
"NÓVOA, Antonio. Profissão professor. Portugal: Porto, 1999.",book,3,59,4,0,0
"NUNES, Emiliana Cristina Rodrigues. O delineamento da política de alfabetização no município de Dourados/MS: considerações sobre o Bloco Inicial de Alfabetização. 2013, 122f. (Mestrado em Educação) - Universidade Federal da Grande Dourados, Programa de Pós-Graduação em Educação. Dourados, 2013. Disponível em:  Acesso em: 30 Mar. 2019.",phdthesis,7,336,17,1,1
OBSERVATÓRIO DO PNE. Plataforma online de monitoramento das metas e estratégias do PNE. Disponível em: <www.observatoriodopne.org.br>. Acesso em: 11 Jan. 2019.,book,5,159,6,0,0
OBSERVATÓRIO DO PNE. Todos Pela Educação (Comp.). Metas do Plano Nacional da Educação: Dossiê por Localidade. 2014. Disponível em: . Acesso em: 06 Abr. 2019.,book,7,157,10,0,1
"OLIVEIRA, Dalila Andrade de. Das políticas de governo à política de estado: reflexões sobre a atual agenda educacional brasileira. Educação & Sociedade, Campinas, v. 32, n. 115, p. 323-337, abr.-jun. 2011. Disponível em: <https://www.cedes.unicamp.br/> Acesso em: 30 jul. 2018.",article,9,277,21,3,0
"OLIVEIRA, Dalila Andrade de; ARAÚJO, Heleno. Educação entre planos de governo e a política de Estado: o foco no financiamento e questão docente. In: SOUZA, Donaldo Bello de; MARTINS, Angela Maria. (Org). Planos de educação no Brasil: planejamento, políticas, práticas. São Paulo, Loyola, 2014, p. 167-181.",book,7,305,10,0,1
"OLIVEIRA, Dalila Andrade de; DUARTE, Adriana. Política educacional como política social: uma nova regulação da pobreza. Perspectiva, Florianópolis, v. 23, n. 02, p. 279-301, jul./dez. 2005. ",article,8,190,14,1,0
"ORGANIZAÇÃO DAS NAÇÕES UNIDAS PARA A EDUCAÇÃO, A CIÊNCIA E A CULTURA (UNESCO). La Pluralidad de la Alfabetización y sus Implicaciones en Políticas y Programas. (Documentos de orientación del Sector de Educación de la UNESCO).  2004. Disponível em: <http://unesdoc.unesco.org/images/0013/001362/136246s.pdf> Acesso em: 10 jun. 2018.",book,6,331,26,6,2
"PECI, Alketa; SOBRAL, Filipe. Parcerias público-privada: análise comparativa das experiências britânicas e brasileiras. Cadernos EBAPE. BR, v. 5, nº 2, Jun. 2007, p. 1-14. Disponível em: . Acesso em: 20 Fev. 2019.",article,10,213,15,0,0
"RICHARDSON, Roberto Jarry. Pesquisa Social: métodos e técnicas. 3. ed. São Paulo: Atlas, 2011.",book,5,94,5,0,0
"RIO GRANDE DO NORTE. Secretaria de Estado da Educação e da Cultura. Plano Estadual de Educação do Rio Grande do Norte, Lei nº 10.049/2016. Rio Grande do Norte, 2016.",misc,4,165,13,1,0
"ROCHA, Ana Luiza Carvalho da. GEEMPA 30 anos. Porto Alegre, RS: Geempa, 2000.",book,3,77,6,0,0
"ROCHA, Denise Cristina Corrêa da. Avaliação de Impacto de uma Política Pública em Educação: análise do Programa de Intervenção Pedagógica/Alfabetização no Tempo Certo no período 2008/2012. 2016. 203f. Tese (Doutorado em Educação) Universidade Federal de Juiz de Fora, Juiz de Fora, 2016. Disponível em: <file:///C:/Users/Casia/Downloads/denisecristinacorreadarocha%20(1).pdf>. Acesso em: 20 out. 2017.",phdthesis,8,401,28,9,2
"ROCHA, Nayanne Costa. Elaboração do Plano Municipal de Educação (2015-2025) no município de Pau dos Ferros-RN. 2018. 175p. Dissertação (Mestrado em Educação) – Universidade do Estado do Rio Grande do Norte, Mossoró, 2018. Disponível em: . Acesso em: 20 de Out. 2019.",phdthesis,8,266,25,0,2
"ROMANOWSKI, Joana Paulin; ENS, Romilda Teodora. As pesquisas denominadas do tipo “estado da arte” em educação. Revista Diálogo Educacional, vol. 6, n. 19, septiembre-diciembre, 2006. Disponível em: <http://www.redalyc.org/pdf/1891/189116275004.pdf> Acesso em: 20 jan. 2018.",article,7,273,29,5,0
"ROMMINGER, Alfredo Eric. O grupo banco mundial: origem, funcionamento e a influência do desenvolvimento sustentável em suas políticas. Universitas - Relações Int., Brasília, v. 2, n.1, p. 269-288, jan./jun. 2004. Disponível em:  Acesso em: 20 Out. 2019.",article,8,253,18,1,0
"SANTOS, Bettina Steren dos; ANTUNES, Denise Dalpiaz; BERNARDI, Jussara. O docente e sua subjetividade nos processos motivacionais. Educação, Porto Alegre, v. 31, n. 1, p. 46-53, jan./abr. 2008. Disponível em: . Acesso em: 21 Out. 2019.",article,10,235,17,1,0
"SANTOS, Carmi Ferraz; ALBUQUERQUE, Eliana Borges Correia de. Alfabetizar letrando. In: SANTOS, C. F.; MENDONÇA, M. (Org.). Alfabetização e letramento: Conceitos e relações. Belo Horizonte: Autêntica, 2007. p. 95-109.",inbook,8,216,9,0,1
"SANTOS, Maéve Melo dos. Política de alfabetização da Rede Municipal de Ensino de Juazeiro – BA: contribuições para o Programa Pacto com os Municípios – Todos pela Escola. 2012. 115f. Dissertação (Mestrado em Gestão e Avaliação em Educação Pública) - Universidade Federal de Juiz de Fora, Juiz de Fora, 2012. Disponível em: <https://repositorio.ufjf.br/jspui/bitstream/ufjf/1882/1/maevemelodossantos.pdf> Acesso em: 29 jan. 2018.",phdthesis,7,428,22,8,1
"SÁ-SILVA, Jackson Ronie; ALMEIDA, Cristóvão Domingos de; GUINDANI, Joel Felipe. Pesquisa documental: pistas teóricas e metodológicas. Revista Brasileira de História & Ciências Sociais. Ano I - Número I - Julho de 2009. ISSN: 2175-3423. Disponível em: <https://www.rbhcs.com/rbhcs/article/view/6/pdf> Acesso em: 06 jun. 2018.",article,7,324,19,7,0
"SAVIANI, Dermeval. Sistema Nacional de Educação articulado ao Plano Nacional de Educação. Rev. Bras. Educ. [online]. 2010, vol.15, n.44, pp. 380-392. ISSN 1413-2478. Disponível em:  Acesso em: 20 de fev. 2019.",article,11,209,28,0,0
"SAVIANI, Dermeval. Da LDB (1996) ao novo PNE (2014-2024): por uma outra política educacional. - 5. ed. rev. e ampliada. Campinas, SP: Autores Associados, 2016. (Coleção educação contemporânea).",book,8,193,17,0,3
"SEGNINI, Liliana Rolfsen Petrilli. Educação, trabalho e desenvolvimento: uma complexa relação. São Paulo: Unicamp, 2000.",book,3,120,4,0,0
"SILVA, Alex Veira da. O Plano Municipal de Educação e sua repercussão em escolas públicas de Recife e Olinda. 2018, p. 127. Dissertação (Mestrado em Educação) - Universidade Federal de Pernambuco, Recife, 2018. Disponível em: . Acesso em: 29 Jun. 2019.",phdthesis,8,252,17,0,1
"SOARES, Magda Becker. Letramento: um tema em três gêneros. 3. ed. 2. reimp. Belo Horizonte: Autêntica Editora, 2014.",book,7,116,6,0,0
"SOARES, Magda. Alfabetização e letramento. 7. ed., 1ª reimpressão. – São Paulo: Contexto, 2017.",book,5,95,6,0,0
"SOUZA, Donaldo Bello de; DUARTE, Marisa Ribeiro Teixeira. Planos educação no Brasil: projeções do sistema nacional de educação e suas variantes subnacionais. In: SOUZA, Donaldo Bello de; MARTINS, Angela Maria. (Org). Planos de educação no Brasil: planejamento, políticas, práticas. São Paulo, Loyola, 2014, p. 209-232.",inbook,7,318,10,0,1
"SOUZA, Donaldo Bello de; MENEZES, Janaína Specht da Silva. Planos estaduais de educação: desafios às vinculações com outros instrumentos de gestão local da educação. Revista Brasileira de Educação, v. 22, n. 71, e227152, 2017, p. 01-23. Disponível em: Acesso em: 15 set. 2018.",article,8,276,24,0,0
"SOUZA, Ivânia Pereira Midon de. Os sentidos da alfabetização nas práticas de ensino de duas professoras bem-sucedidas em Várzea Grande – MT. In: MORTATTI, Maria do Rosário Longo; FRADE, Isabel Cristina Alves da Silva (Org.). Alfabetização e seus sentidos: o que sabemos, fazemos e queremos? – Marília: Oficina Universitária; São Paulo: Editora Unesp, 2014, p. 207-234.",inbook,5,368,10,0,1
"TARDIF, Maurice. Saberes docentes e formação profissional. Petrópolis, RJ: Vozes, 2002.",book,3,87,4,0,0
"TEIXEIRA, Olga Cristina da Silva.  Implementação da Avaliação Nacional da Alfabetização na gestão do processo alfabetizador em Dourados-MS. 2016, p. 169. Dissertação (Mestrado em Educação) – Universidade Federal da Grande Dourados, Dourados, 2016. Disponível em: . Acesso em: 10 Jul. 2019.",phdthesis,8,289,17,0,1
"VALENTE, I; ROMANO, R. PNE: Plano Nacional de Educação ou carta de intenção? Educ. Soc., v. 23, n. 80, p. 96-107, 2002. Disponível em: . Acesso em: 25 mar. 2019.",article,9,161,19,0,0
"VÁZQUEZ SIXTO, Félix. El análisis de contenido temático. Objetivos y medios en la investigación psicos ocial. (Documento de trabajo). Universitat Autònoma de Barcelona. p. 47-70), 1996. Universitat Autònoma de Barcelona.",phdthesis,8,220,8,0,1
"VIEGAS, Elis Regina dos Santos. Políticas de formação continuada de professores alfabetizadores no município de Dourados-MS. 2014. 276f. Dissertação (Mestrado em Educação) – Faculdade de Educação. Universidade Federal da Grande Dourados, Dourados, MS, 2014. Disponível em: . Acesso em: 10 Out. 2019.",phdthesis,9,299,17,0,1
"VIEGAS, Elis Regina dos Santos; REBOUÇAS, Virgília Margarida. As políticas de alfabetização no Brasil no contexto do ensino fundamental: aspectos normativo-legais. Laplage em Revista (Sorocaba), vol.4, n.2, maio-ago. 2018, p.142-152.",article,4,233,12,0,1
"WATANABE, Adriana. Políticas Públicas de Alfabetização na Rede Municipal de Ensino de São Paulo: uma trajetória para a consolidação do Direito à educação. 2015. 251 f. Tese (Doutorado em Educação) - Pontifícia Universidade Católica de São Paulo, São Paulo, 2015. Disponível em: https://tede2.pucsp.br/bitstream/handle/9886/1/Adriana%20Watanabe.pdf. Acessado: 20 Mar. 2019.",phdthesis,8,372,25,7,1
"ARAUJO, Lauro César. 2012.Configuração: uma perspectiva de Arquiteturada Informação da Escola de Brasília. mar. 2012. Dissertação (Mestrado) —Universidade de Brasília, Brasília, mar. 2012.",mastersthesis,6,188,12,0,1
"ARAUJO, Lauro César. 2015a.A classe abntex2: Modelo canônico detrabalhos acadêmicos brasileiros compatível com as normas ABNT NBR14724:2011, ABNT NBR 6024:2012 e outras. [S.l.]. Available from Internet:<http://www.abntex.net.br/>http://www.abntex.net.br/.",manual,4,255,22,6,0
_____. 2015b.Como customizar o abnTeX2. Wiki do abnTeX2.Available from Internet:<https://github.com/abntex/abntex2/wiki-/ComoCustomizar>https://github.com/abntex/abntex2/wiki/ComoCustomizar.Cited 27 abr 2015.,misc,3,208,14,12,0
_____. 2015c.Modelo Canônico de Artigo Científico com abnTeX2. [S.l.]. Avai-lable from Internet:<http://www.abntex.net.br/>http://www.abntex.net.br/.,manual,4,149,5,6,0
_____. 2015d.Modelo Canônico de Relatório Técnico e/ou Científico comabnTeX2. [S.l.]. Available from Internet:<http://www.abntex.net.br-/>http://www.abntex.net.br/.,manual,4,164,5,7,0
_____. 2015e.Modelo Canônico de Trabalho Acadêmico com abn-TeX2. [S.l.]. Available from Internet:<http://www.abntex.net.br-/>http://www.abntex.net.br/,manual,4,150,5,6,0
_____. 2015f.O pacote abntex2cite: Estilos bibliográficos compatíveis com aABNT NBR 6023. [S.l.]. Available from Internet:<http://www.abntex.net.br-/>http://www.abntex.net.br/,manual,4,175,9,6,0
_____. 2015g.O pacote abntex2cite: tópicos específicos da ABNTNBR 10520:2002 e o estilo bibliográfico alfabético (sistema autor-data). [S.l.]. Available from Internet:<http://www.abntex.net.br-/>http://www.abntex.net.br/.,manual,4,221,14,6,1
"ASSOCIAC ̧ ̃AO BRASILEIRA DE NORMAS T ́ECNICAS. 2001.NBR 14724:Informação e documentação — trabalhos acadêmicos — apresentação. Rio deJaneiro, 6 p.",manual,3,147,10,0,0
"2002a.NBR  10520:  Informação e documentação — apresentação decitações em documentos. Rio de Janeiro, 7 p.",manual,2,106,10,0,0
" ________. 2002b.NBR  14724:  Informação  e  documentação  —  trabalhosacadêmicos — apresentação. Rio de Janeiro, 6 p.",manual,3,118,10,0,0
"________. 2003.NBR 6028:  Resumo - apresentação. Rio de Janeiro, 2 p.",manual,3,69,9,0,0
"________. 2005.NBR 14724: Informação e documentação — trabalhos acadêmicos— apresentação. Rio de Janeiro, 9 p.",manual,3,110,10,0,0
"________.  2012.NBR 6024:  Numeração progressiva das seções de um documento.Rio de Janeiro, 4 p",manual,2,95,9,0,0
"BATES, Marcia J. 2010. Information. In BATES, Marcia J.;  MAACK,Mary  Niles  (Ed.).Encyclopedia  of  Library  and  Information  Sciences.3rd.  ed.  New  York:  CRC  Press.  vol.  3,  p.  2347–2360.  Disponível em:<http://pages.gseis.ucla.edu/faculty/bates/articles/information-.html>http://pages.gseis.ucla.edu/faculty/bates/articles/information.html.Cited 24 out. 2011.",incollection,11,370,20,12,1
"BRAAMS, Johannes. 2008.Babel, a multilingual package for use with LATEX’sstandard  document  classes. [S.l.]. Available from Internet:<http://mirrors-.ctan.org/info/babel/babel.pdf>http://mirrors.ctan.org/info/babel/babel.pdf.Cited 17 fev. 2013",manual,5,244,10,10,0
"DEWEY, John. 1980.Art as Experience. New York, NY, USA: Perigee Books.",book,3,70,4,0,0
"DOXIADIS, Constantinos A. 1965.Arquitetura  em  Transição. [S.l.]:  Ceira -Coimbra.",book,3,83,4,0,0
"GUARINO, Nicola. 1995. The ontological level. In _______.Philosophy and theCognitive  Science. Vienna:  Holder-Pivhler-Tempsky, p. 443–456. Availablefrom Internet:<http://wiki.loa-cnr.it/Papers/OntLev.pdf>http://wiki.loa-cnr.it/Papers/OntLev.pdf. Cited 2 jan. 2012.",inbook,9,265,15,8,0
"GUIZZARDI,  Giancarlo.  2005.Ontological  Foundations  for  StructuralConceptual  Models. 2005. Tese (Doutorado) — Centre for Telematics andInformation Technology, University of Twente, Enschede, The Netherlands,2005.  Disponível em:<http://www.loa.istc.cnr.it/Guizzardi-/SELMAS-CR.pdf>http://www.loa.istc.cnr.it/Guizzardi/SELMAS-CR.pdf.Cited 3 jul. 2011.",phdthesis,6,355,17,8,1
IBGE. 1993.Normas de apresentação tabular. 3. ed. Rio de Janeiro:  Centro deDocumentação e Disseminação de Informações. Fundação Intituto Brasileirode Geografia e Estatística. Cited 21 ago 2013.,book,7,194,11,0,0
"MACEDO,  Flávia  L.  2005.Arquitetura  da  Informação:   aspectosespistemológicos,  científicos  e  práticos.2005. Dissertação (Dissertação deMestrado) — Universidade de Brasília, 2005.",mastersthesis,3,185,12,0,1
"MASOLO, Claudio. 2010. Understanding ontological levels. In LIN, F.;",inproceedings,4,68,4,0,0
"TALBOT,  Nicola  L.C.  2012.User  Manual  for  glossa-ries.sty.  [S.l.].  Disponível em:<http://mirrors-.ctan.org/macros/latex/contrib/glossaries/glossaries-user-.pdf>http://mirrors.ctan.org/macros/latex/contrib/glossaries/glossaries-user.pdf. Cited 11 mar. 2013.",manual,6,263,10,14,0
TECHAMERICA.  2011.ANSI/EIA  649-B:  Configuration  ManagementStandard. EUA,manual,3,75,7,1,0
"van GIGCH, John P.; PIPINO, Leo L. 1986. In search for a paradigm for thediscipline of information systems.Future  Computing  Systems, 1986, vol. 1,no. 1, p. 71–97.",article,6,164,14,0,0
"WILSON, Peter; MADSEN, Lars. 2010.The  Memoir Class  for ConfigurableTypesetting  -  User  Guide. Normandy Park, WA. Available from Internet:<http://mirrors.ctan.org/macros/latex/contrib/memoir/memman-.pdf>http://mirrors.ctan.org/macros/latex/contrib/memoir/memman.pdf.Cited 19 dez. 2012.",manual,5,288,10,14,0
"DE ROSE JÚNIOR, D. Minibasquetebol na escola. São Paulo: Ícone, 2015.128 p",book,3,74,7,0,0
